0	HERO
1	BABYBOY1
2	BABYGIRL1
3	BOY1
4	BOY2
5	BOY3
6	GIRL1
7	GIRL2
8	GIRL3
9	MAN1
10	MAN2
11	MAN3
12	WOMAN1
13	WOMAN2
14	WOMAN3
15	MIDDLEMAN1
16	MIDDLEWOMAN1
17	OLDMAN1
18	OLDWOMAN1
19	BIGMAN
20	MOUNT
21	CYCLEHERO
22	REPORTER
23	CAMERAMAN
24	SHOPM1
25	SHOPW1
29	ASSISTANTM
30	ASSISTANTW
31	BADMAN
33	SKIERW
34	POLICEMAN
35	IDOL
36	GENTLEMAN
37	LADY
38	CYCLEM
39	CYCLEW
40	WORKMAN
41	FARMER
42	COWGIRL
43	CLOWN
44	ARTIST
45	SPORTSMAN
50	EXPLORE
51	FIGHTER
52	CAMPBOY
53	PICNICGIRL
54	FISHING
55	AMBRELLA
56	SEAMAN
59	WAITER
60	WAITRESS
62	GORGGEOUSM
63	GORGGEOUSW
68	MAN5
69	WOMAN5
70	MYSTERY
71	PIKACHU
84	ROCK
85	BREAKROCK
86	TREE
87	MONSTARBALL
97	HEROINE
98	CYCLEHEROINE
99	DOCTOR
100	VAR_0
101	VAR_1
102	VAR_2
103	VAR_3
104	VAR_4
105	VAR_5
106	VAR_6
107	VAR_7
108	VAR_8
109	VAR_9
110	VAR_10
111	VAR_11
112	VAR_12
113	VAR_13
114	VAR_14
115	VAR_15
126	LEADER1
127	LEADER2
128	LEADER3
129	LEADER4
130	LEADER5
131	LEADER6
132	LEADER7
133	LEADER8
141	SEVEN1
142	SEVEN2
143	SEVEN3
144	SEVEN4
145	SEVEN5
146	GSBOY1
148	GSRIVEL
168	SUNGLASSES
169	TOWERBOSS
175	MAID
176	SPHERO
177	SPHEROINE
178	SWIMHERO
179	SWIMHEROINE
180	WATERHERO
181	WATERHEROINE
183	BABYBOY1_2
188	FISHINGHERO
189	FISH_HEROINE
193	DELIVERY
196	POKEHERO
197	POKEHEROINE
198	SAVEHERO
199	SAVEHEROINE
200	BANZAIHERO
201	BANZAIHEROINE
210	POKEWALL
211	RED
218	THIEF
219	ITAKO
220	BOZU
221	ROCKETW
222	ROCKETM
223	RKANBUW
224	RKANBUM
225	BOARDER
227	FIRE
229	GANG
232	DANCER
233	GANTETSU
234	MONO_PIP
235	MASAKI
236	CAPTAIN
237	RGYARADOSU
238	HERO_2
239	HEROINE_2
248	LADDERHERO
249	LADDERHEROINE
250	ITAKO_
251	GATE_RIGHT
252	GATE_LEFT
253	BABYBOY1_5
254	GATE_TOP
255	GATE_BOTTOM
256	BABYBOY1_8
257	BABYBOY1_9
258	RHERO
259	RHEROINE
260	RBANZAIHERO
261	RBANZAIINE
262	BONGURI
263	BONGURI_R
264	BONGURI_Y
265	BONGURI_B
266	BONGURI_G
267	BONGURI_P
268	BONGURI_W
269	BONGURI_BK
270	BONMI_R
271	BONMI_Y
272	BONMI_B
273	BONMI_G
274	BONMI_P
275	BONMI_W
276	BONMI_BK
277	BRAINS1
278	BRAINS2
279	BRAINS3
280	BRAINS4
281	PRINCESS
282	BFSM
283	BFSW1
284	BFSW2
285	WIFISM
286	WIFISF
287	AJI_PERU
288	BABYBOY1_10
289	BABYBOY1_11
290	LEAG_DOOR2
291	BABYBOY1_12
292	BABYBOY1_13
293	RKANBUM2
294	RKANBUM3
295	PL_BOY01C
296	PL_GIRL01C
297	SAVERHERO
298	SAVERHEROINE
299	DELIVERY2
315	GSBABYBOY1
316	GSBABYGIRL1
317	GSBOY2
318	GSBOY3
319	GSGIRL1
320	GSGIRL2
321	GSGIRL3
322	GSMAN1
323	GSMAN2
324	GSMAN3
325	GSWOMAN1
326	GSWOMAN2
327	GSWOMAN3
328	GSMIDDLEMAN1
329	MIDDLEWOMAN1_2
330	GSOLDMAN1
331	GSOLDWOMAN1
332	GSBIGMAN
333	MOUNT_2
334	SHOPM1_2
335	PCWOMAN1
336	PCWOMAN2
337	PCWOMAN3
338	GSASSISTANTM
341	GSGENTLEMAN
342	GSSWIMMERM
343	GSSWIMMERW
344	GSFIGHTER
345	CAMPBOY_2
346	PICNICGIRL_2
347	FISHING_2
348	SEAMAN_2
349	STOP
350	GTOROPHY
351	MYSTERY_2
352	GSLEADER1
353	GSLEADER2
354	GSLEADER3
355	GSLEADER4
356	GSLEADER5
357	GSLEADER6
358	GSLEADER7
359	GSLEADER8
360	GSBIGFOUR1
361	GSBIGFOUR2
362	GSBIGFOUR3
363	GSBIGFOUR4
364	WATARU
365	GSMAMA
366	OOKIDO
367	GSDSBOY
368	GSLEADER9
369	GSLEADER10
370	GSLEADER11
371	GSLEADER12
372	GSLEADER13
373	GSLEADER14
374	GSLEADER15
375	GSLEADER16
376	STOROPHY
377	MANIA
378	JUGGRER
379	BTOROPHY
380	JUPETTA
381	USOKKY
382	MINAKI
383	THLONOWNER
384	INSTRUCTOR
385	SAKAKI
386	SUIT
387	CHOUROU
389	KURUMI
390	RAPURASU
392	NANAMI
393	REDMAMA
394	COUNTERM
395	KABIGON
396	MEDAL
397	SCROLL
398	SIGNSHOES
399	SIGNCLOTHES
400	SIGNFLAG
401	SIGNPOKEGEAR
402	SIGNBALL
403	STATUEHERO
404	STATUEHEROINE
406	ICE
407	PKTHHERO
408	PKTHHEROINE
409	ROTOMF
410	ROTOMS
411	ROTOMI
412	ROTOMW
413	ROTOMG
414	YADON
415	FOLLOWER_MON
416	FOLLOWER_MON_2
417	FOLLOWER_MON_3
418	FOLLOWER_MON_4
419	FOLLOWER_MON_5
420	FOLLOWER_MON_6
421	DAIGO
422	CHAMPION
423	SHAKEHERO
424	SHAKEHEROINE
425	HOU_OBJ01
426	LUG_OBJ01
427	GSWOMAN6
428	FOLLOWER_MON_BULBASAUR
429	FOLLOWER_MON_IVYSAUR
430	FOLLOWER_MON_VENUSAUR
431	FOLLOWER_MON_VENUSAUR_F
432	FOLLOWER_MON_CHARMANDER
433	FOLLOWER_MON_CHARMELEON
434	FOLLOWER_MON_CHARIZARD
435	FOLLOWER_MON_SQUIRTLE
436	FOLLOWER_MON_WARTORTLE
437	FOLLOWER_MON_BLASTOISE
438	FOLLOWER_MON_CATERPIE
439	FOLLOWER_MON_METAPOD
440	FOLLOWER_MON_BUTTERFREE
441	FOLLOWER_MON_WEEDLE
442	FOLLOWER_MON_KAKUNA
443	FOLLOWER_MON_BEEDRILL
444	FOLLOWER_MON_PIDGEY
445	FOLLOWER_MON_PIDGEOTTO
446	FOLLOWER_MON_PIDGEOT
447	FOLLOWER_MON_RATTATA
448	FOLLOWER_MON_RATICATE
449	FOLLOWER_MON_SPEAROW
450	FOLLOWER_MON_FEAROW
451	FOLLOWER_MON_EKANS
452	FOLLOWER_MON_ARBOK
453	FOLLOWER_MON_PIKACHU
454	FOLLOWER_MON_PIKACHU_F
455	FOLLOWER_MON_RAICHU
456	FOLLOWER_MON_SANDSHREW
457	FOLLOWER_MON_SANDSLASH
458	FOLLOWER_MON_NIDORAN_F
459	FOLLOWER_MON_NIDORINA
460	FOLLOWER_MON_NIDOQUEEN
461	FOLLOWER_MON_NIDORAN_M
462	FOLLOWER_MON_NIDORINO
463	FOLLOWER_MON_NIDOKING
464	FOLLOWER_MON_CLEFAIRY
465	FOLLOWER_MON_CLEFABLE
466	FOLLOWER_MON_VULPIX
467	FOLLOWER_MON_NINETALES
468	FOLLOWER_MON_JIGGLYPUFF
469	FOLLOWER_MON_WIGGLYTUFF
470	FOLLOWER_MON_ZUBAT
471	FOLLOWER_MON_GOLBAT
472	FOLLOWER_MON_ODDISH
473	FOLLOWER_MON_GLOOM
474	FOLLOWER_MON_VILEPLUME
475	FOLLOWER_MON_PARAS
476	FOLLOWER_MON_PARASECT
477	FOLLOWER_MON_VENONAT
478	FOLLOWER_MON_VENOMOTH
479	FOLLOWER_MON_DIGLETT
480	FOLLOWER_MON_DUGTRIO
481	FOLLOWER_MON_MEOWTH
482	FOLLOWER_MON_PERSIAN
483	FOLLOWER_MON_PSYDUCK
484	FOLLOWER_MON_GOLDUCK
485	FOLLOWER_MON_MANKEY
486	FOLLOWER_MON_PRIMEAPE
487	FOLLOWER_MON_GROWLITHE
488	FOLLOWER_MON_ARCANINE
489	FOLLOWER_MON_POLIWAG
490	FOLLOWER_MON_POLIWHIRL
491	FOLLOWER_MON_POLIWRATH
492	FOLLOWER_MON_ABRA
493	FOLLOWER_MON_KADABRA
494	FOLLOWER_MON_ALAKAZAM
495	FOLLOWER_MON_MACHOP
496	FOLLOWER_MON_MACHOKE
497	FOLLOWER_MON_MACHAMP
498	FOLLOWER_MON_BELLSPROUT
499	FOLLOWER_MON_WEEPINBELL
500	FOLLOWER_MON_VICTREEBEL
501	FOLLOWER_MON_TENTACOOL
502	FOLLOWER_MON_TENTACRUEL
503	FOLLOWER_MON_GEODUDE
504	FOLLOWER_MON_GRAVELER
505	FOLLOWER_MON_GOLEM
506	FOLLOWER_MON_PONYTA
507	FOLLOWER_MON_RAPIDASH
508	FOLLOWER_MON_SLOWPOKE
509	FOLLOWER_MON_SLOWBRO
510	FOLLOWER_MON_MAGNEMITE
511	FOLLOWER_MON_MAGNETON
512	FOLLOWER_MON_FARFETCHD
513	FOLLOWER_MON_DODUO
514	FOLLOWER_MON_DODRIO
515	FOLLOWER_MON_SEEL
516	FOLLOWER_MON_DEWGONG
517	FOLLOWER_MON_GRIMER
518	FOLLOWER_MON_MUK
519	FOLLOWER_MON_SHELLDER
520	FOLLOWER_MON_CLOYSTER
521	FOLLOWER_MON_GASTLY
522	FOLLOWER_MON_HAUNTER
523	FOLLOWER_MON_GENGAR
524	FOLLOWER_MON_ONIX
525	FOLLOWER_MON_DROWZEE
526	FOLLOWER_MON_HYPNO
527	FOLLOWER_MON_KRABBY
528	FOLLOWER_MON_KINGLER
529	FOLLOWER_MON_VOLTORB
530	FOLLOWER_MON_ELECTRODE
531	FOLLOWER_MON_EXEGGCUTE
532	FOLLOWER_MON_EXEGGUTOR
533	FOLLOWER_MON_CUBONE
534	FOLLOWER_MON_MAROWAK
535	FOLLOWER_MON_HITMONLEE
536	FOLLOWER_MON_HITMONCHAN
537	FOLLOWER_MON_LICKITUNG
538	FOLLOWER_MON_KOFFING
539	FOLLOWER_MON_WEEZING
540	FOLLOWER_MON_RHYHORN
541	FOLLOWER_MON_RHYDON
542	FOLLOWER_MON_CHANSEY
543	FOLLOWER_MON_TANGELA
544	FOLLOWER_MON_KANGASKHAN
545	FOLLOWER_MON_HORSEA
546	FOLLOWER_MON_SEADRA
547	FOLLOWER_MON_GOLDEEN
548	FOLLOWER_MON_SEAKING
549	FOLLOWER_MON_STARYU
550	FOLLOWER_MON_STARMIE
551	FOLLOWER_MON_MR_MIME
552	FOLLOWER_MON_SCYTHER
553	FOLLOWER_MON_JYNX
554	FOLLOWER_MON_ELECTABUZZ
555	FOLLOWER_MON_MAGMAR
556	FOLLOWER_MON_PINSIR
557	FOLLOWER_MON_TAUROS
558	FOLLOWER_MON_MAGIKARP
559	FOLLOWER_MON_GYARADOS
560	FOLLOWER_MON_LAPRAS
561	FOLLOWER_MON_DITTO
562	FOLLOWER_MON_EEVEE
563	FOLLOWER_MON_VAPOREON
564	FOLLOWER_MON_JOLTEON
565	FOLLOWER_MON_FLAREON
566	FOLLOWER_MON_PORYGON
567	FOLLOWER_MON_OMANYTE
568	FOLLOWER_MON_OMASTAR
569	FOLLOWER_MON_KABUTO
570	FOLLOWER_MON_KABUTOPS
571	FOLLOWER_MON_AERODACTYL
572	FOLLOWER_MON_SNORLAX
573	FOLLOWER_MON_ARTICUNO
574	FOLLOWER_MON_ZAPDOS
575	FOLLOWER_MON_MOLTRES
576	FOLLOWER_MON_DRATINI
577	FOLLOWER_MON_DRAGONAIR
578	FOLLOWER_MON_DRAGONITE
579	FOLLOWER_MON_MEWTWO
580	FOLLOWER_MON_MEW
581	FOLLOWER_MON_CHIKORITA
582	FOLLOWER_MON_BAYLEEF
583	FOLLOWER_MON_MEGANIUM
584	FOLLOWER_MON_MEGANIUM_F
585	FOLLOWER_MON_CYNDAQUIL
586	FOLLOWER_MON_QUILAVA
587	FOLLOWER_MON_TYPHLOSION
588	FOLLOWER_MON_TOTODILE
589	FOLLOWER_MON_CROCONAW
590	FOLLOWER_MON_FERALIGATR
591	FOLLOWER_MON_SENTRET
592	FOLLOWER_MON_FURRET
593	FOLLOWER_MON_HOOTHOOT
594	FOLLOWER_MON_NOCTOWL
595	FOLLOWER_MON_LEDYBA
596	FOLLOWER_MON_LEDIAN
597	FOLLOWER_MON_SPINARAK
598	FOLLOWER_MON_ARIADOS
599	FOLLOWER_MON_CROBAT
600	FOLLOWER_MON_CHINCHOU
601	FOLLOWER_MON_LANTURN
602	FOLLOWER_MON_PICHU
603	FOLLOWER_MON_PICHU_SPIKY
604	FOLLOWER_MON_CLEFFA
605	FOLLOWER_MON_IGGLYBUFF
606	FOLLOWER_MON_TOGEPI
607	FOLLOWER_MON_TOGETIC
608	FOLLOWER_MON_NATU
609	FOLLOWER_MON_XATU
610	FOLLOWER_MON_MAREEP
611	FOLLOWER_MON_FLAAFFY
612	FOLLOWER_MON_AMPHAROS
613	FOLLOWER_MON_BELLOSSOM
614	FOLLOWER_MON_MARILL
615	FOLLOWER_MON_AZUMARILL
616	FOLLOWER_MON_SUDOWOODO
617	FOLLOWER_MON_POLITOED
618	FOLLOWER_MON_HOPPIP
619	FOLLOWER_MON_SKIPLOOM
620	FOLLOWER_MON_JUMPLUFF
621	FOLLOWER_MON_AIPOM
622	FOLLOWER_MON_SUNKERN
623	FOLLOWER_MON_SUNFLORA
624	FOLLOWER_MON_YANMA
625	FOLLOWER_MON_WOOPER
626	FOLLOWER_MON_QUAGSIRE
627	FOLLOWER_MON_ESPEON
628	FOLLOWER_MON_UMBREON
629	FOLLOWER_MON_MURKROW
630	FOLLOWER_MON_SLOWKING
631	FOLLOWER_MON_MISDREAVUS
632	FOLLOWER_MON_UNOWN_A
633	FOLLOWER_MON_UNOWN_B
634	FOLLOWER_MON_UNOWN_C
635	FOLLOWER_MON_UNOWN_D
636	FOLLOWER_MON_UNOWN_E
637	FOLLOWER_MON_UNOWN_F
638	FOLLOWER_MON_UNOWN_G
639	FOLLOWER_MON_UNOWN_H
640	FOLLOWER_MON_UNOWN_I
641	FOLLOWER_MON_UNOWN_J
642	FOLLOWER_MON_UNOWN_K
643	FOLLOWER_MON_UNOWN_L
644	FOLLOWER_MON_UNOWN_M
645	FOLLOWER_MON_UNOWN_N
646	FOLLOWER_MON_UNOWN_O
647	FOLLOWER_MON_UNOWN_P
648	FOLLOWER_MON_UNOWN_Q
649	FOLLOWER_MON_UNOWN_R
650	FOLLOWER_MON_UNOWN_S
651	FOLLOWER_MON_UNOWN_T
652	FOLLOWER_MON_UNOWN_U
653	FOLLOWER_MON_UNOWN_V
654	FOLLOWER_MON_UNOWN_W
655	FOLLOWER_MON_UNOWN_X
656	FOLLOWER_MON_UNOWN_Y
657	FOLLOWER_MON_UNOWN_Z
658	FOLLOWER_MON_UNOWN_QMARK
659	FOLLOWER_MON_UNOWN_EXCL
660	FOLLOWER_MON_WOBBUFFET
661	FOLLOWER_MON_WOBBUFFET_F
662	FOLLOWER_MON_GIRAFARIG
663	FOLLOWER_MON_PINECO
664	FOLLOWER_MON_FORRETRESS
665	FOLLOWER_MON_DUNSPARCE
666	FOLLOWER_MON_GLIGAR
667	FOLLOWER_MON_STEELIX
668	FOLLOWER_MON_STEELIX_F
669	FOLLOWER_MON_SNUBBULL
670	FOLLOWER_MON_GRANBULL
671	FOLLOWER_MON_QWILFISH
672	FOLLOWER_MON_SCIZOR
673	FOLLOWER_MON_SHUCKLE
674	FOLLOWER_MON_HERACROSS
675	FOLLOWER_MON_HERACROSS_F
676	FOLLOWER_MON_SNEASEL
677	FOLLOWER_MON_TEDDIURSA
678	FOLLOWER_MON_URSARING
679	FOLLOWER_MON_SLUGMA
680	FOLLOWER_MON_MAGCARGO
681	FOLLOWER_MON_SWINUB
682	FOLLOWER_MON_PILOSWINE
683	FOLLOWER_MON_CORSOLA
684	FOLLOWER_MON_REMORAID
685	FOLLOWER_MON_OCTILLERY
686	FOLLOWER_MON_DELIBIRD
687	FOLLOWER_MON_MANTINE
688	FOLLOWER_MON_SKARMORY
689	FOLLOWER_MON_HOUNDOUR
690	FOLLOWER_MON_HOUNDOOM
691	FOLLOWER_MON_KINGDRA
692	FOLLOWER_MON_PHANPY
693	FOLLOWER_MON_DONPHAN
694	FOLLOWER_MON_PORYGON2
695	FOLLOWER_MON_STANTLER
696	FOLLOWER_MON_SMEARGLE
697	FOLLOWER_MON_TYROGUE
698	FOLLOWER_MON_HITMONTOP
699	FOLLOWER_MON_SMOOCHUM
700	FOLLOWER_MON_ELEKID
701	FOLLOWER_MON_MAGBY
702	FOLLOWER_MON_MILTANK
703	FOLLOWER_MON_BLISSEY
704	FOLLOWER_MON_RAIKOU
705	FOLLOWER_MON_ENTEI
706	FOLLOWER_MON_SUICUNE
707	FOLLOWER_MON_LARVITAR
708	FOLLOWER_MON_PUPITAR
709	FOLLOWER_MON_TYRANITAR
710	FOLLOWER_MON_LUGIA
711	FOLLOWER_MON_HO_OH
712	FOLLOWER_MON_CELEBI
713	FOLLOWER_MON_TREECKO
714	FOLLOWER_MON_GROVYLE
715	FOLLOWER_MON_SCEPTILE
716	FOLLOWER_MON_TORCHIC
717	FOLLOWER_MON_COMBUSKEN
718	FOLLOWER_MON_BLAZIKEN
719	FOLLOWER_MON_MUDKIP
720	FOLLOWER_MON_MARSHTOMP
721	FOLLOWER_MON_SWAMPERT
722	FOLLOWER_MON_POOCHYENA
723	FOLLOWER_MON_MIGHTYENA
724	FOLLOWER_MON_ZIGZAGOON
725	FOLLOWER_MON_LINOONE
726	FOLLOWER_MON_WURMPLE
727	FOLLOWER_MON_SILCOON
728	FOLLOWER_MON_BEAUTIFLY
729	FOLLOWER_MON_CASCOON
730	FOLLOWER_MON_DUSTOX
731	FOLLOWER_MON_LOTAD
732	FOLLOWER_MON_LOMBRE
733	FOLLOWER_MON_LUDICOLO
734	FOLLOWER_MON_SEEDOT
735	FOLLOWER_MON_NUZLEAF
736	FOLLOWER_MON_SHIFTRY
737	FOLLOWER_MON_TAILLOW
738	FOLLOWER_MON_SWELLOW
739	FOLLOWER_MON_WINGULL
740	FOLLOWER_MON_PELIPPER
741	FOLLOWER_MON_RALTS
742	FOLLOWER_MON_KIRLIA
743	FOLLOWER_MON_GARDEVOIR
744	FOLLOWER_MON_SURSKIT
745	FOLLOWER_MON_MASQUERAIN
746	FOLLOWER_MON_SHROOMISH
747	FOLLOWER_MON_BRELOOM
748	FOLLOWER_MON_SLAKOTH
749	FOLLOWER_MON_VIGOROTH
750	FOLLOWER_MON_SLAKING
751	FOLLOWER_MON_NINCADA
752	FOLLOWER_MON_NINJASK
753	FOLLOWER_MON_SHEDINJA
754	FOLLOWER_MON_WHISMUR
755	FOLLOWER_MON_LOUDRED
756	FOLLOWER_MON_EXPLOUD
757	FOLLOWER_MON_MAKUHITA
758	FOLLOWER_MON_HARIYAMA
759	FOLLOWER_MON_AZURILL
760	FOLLOWER_MON_NOSEPASS
761	FOLLOWER_MON_SKITTY
762	FOLLOWER_MON_DELCATTY
763	FOLLOWER_MON_SABLEYE
764	FOLLOWER_MON_MAWILE
765	FOLLOWER_MON_ARON
766	FOLLOWER_MON_LAIRON
767	FOLLOWER_MON_AGGRON
768	FOLLOWER_MON_MEDITITE
769	FOLLOWER_MON_MEDICHAM
770	FOLLOWER_MON_ELECTRIKE
771	FOLLOWER_MON_MANECTRIC
772	FOLLOWER_MON_PLUSLE
773	FOLLOWER_MON_MINUN
774	FOLLOWER_MON_VOLBEAT
775	FOLLOWER_MON_ILLUMISE
776	FOLLOWER_MON_ROSELIA
777	FOLLOWER_MON_GULPIN
778	FOLLOWER_MON_SWALOT
779	FOLLOWER_MON_CARVANHA
780	FOLLOWER_MON_SHARPEDO
781	FOLLOWER_MON_WAILMER
782	FOLLOWER_MON_WAILORD
783	FOLLOWER_MON_NUMEL
784	FOLLOWER_MON_CAMERUPT
785	FOLLOWER_MON_TORKOAL
786	FOLLOWER_MON_SPOINK
787	FOLLOWER_MON_GRUMPIG
788	FOLLOWER_MON_SPINDA
789	FOLLOWER_MON_TRAPINCH
790	FOLLOWER_MON_VIBRAVA
791	FOLLOWER_MON_FLYGON
792	FOLLOWER_MON_CACNEA
793	FOLLOWER_MON_CACTURNE
794	FOLLOWER_MON_SWABLU
795	FOLLOWER_MON_ALTARIA
796	FOLLOWER_MON_ZANGOOSE
797	FOLLOWER_MON_SEVIPER
798	FOLLOWER_MON_LUNATONE
799	FOLLOWER_MON_SOLROCK
800	FOLLOWER_MON_BARBOACH
801	FOLLOWER_MON_WHISCASH
802	FOLLOWER_MON_CORPHISH
803	FOLLOWER_MON_CRAWDAUNT
804	FOLLOWER_MON_BALTOY
805	FOLLOWER_MON_CLAYDOL
806	FOLLOWER_MON_LILEEP
807	FOLLOWER_MON_CRADILY
808	FOLLOWER_MON_ANORITH
809	FOLLOWER_MON_ARMALDO
810	FOLLOWER_MON_FEEBAS
811	FOLLOWER_MON_MILOTIC
812	FOLLOWER_MON_CASTFORM
813	FOLLOWER_MON_KECLEON
814	FOLLOWER_MON_SHUPPET
815	FOLLOWER_MON_BANETTE
816	FOLLOWER_MON_DUSKULL
817	FOLLOWER_MON_DUSCLOPS
818	FOLLOWER_MON_TROPIUS
819	FOLLOWER_MON_CHIMECHO
820	FOLLOWER_MON_ABSOL
821	FOLLOWER_MON_WYNAUT
822	FOLLOWER_MON_SNORUNT
823	FOLLOWER_MON_GLALIE
824	FOLLOWER_MON_SPHEAL
825	FOLLOWER_MON_SEALEO
826	FOLLOWER_MON_WALREIN
827	FOLLOWER_MON_CLAMPERL
828	FOLLOWER_MON_HUNTAIL
829	FOLLOWER_MON_GOREBYSS
830	FOLLOWER_MON_RELICANTH
831	FOLLOWER_MON_LUVDISC
832	FOLLOWER_MON_BAGON
833	FOLLOWER_MON_SHELGON
834	FOLLOWER_MON_SALAMENCE
835	FOLLOWER_MON_BELDUM
836	FOLLOWER_MON_METANG
837	FOLLOWER_MON_METAGROSS
838	FOLLOWER_MON_REGIROCK
839	FOLLOWER_MON_REGICE
840	FOLLOWER_MON_REGISTEEL
841	FOLLOWER_MON_LATIAS
842	FOLLOWER_MON_LATIOS
843	FOLLOWER_MON_KYOGRE
844	FOLLOWER_MON_GROUDON
845	FOLLOWER_MON_RAYQUAZA
846	FOLLOWER_MON_JIRACHI
847	FOLLOWER_MON_DEOXYS
848	FOLLOWER_MON_DEOXYS_ATK
849	FOLLOWER_MON_DEOXYS_DEF
850	FOLLOWER_MON_DEOXYS_SPD
851	FOLLOWER_MON_TURTWIG
852	FOLLOWER_MON_GROTLE
853	FOLLOWER_MON_TORTERRA
854	FOLLOWER_MON_CHIMCHAR
855	FOLLOWER_MON_MONFERNO
856	FOLLOWER_MON_INFERNAPE
857	FOLLOWER_MON_PIPLUP
858	FOLLOWER_MON_PRINPLUP
859	FOLLOWER_MON_EMPOLEON
860	FOLLOWER_MON_STARLY
861	FOLLOWER_MON_STARAVIA
862	FOLLOWER_MON_STARAPTOR
863	FOLLOWER_MON_BIDOOF
864	FOLLOWER_MON_BIBAREL
865	FOLLOWER_MON_KRICKETOT
866	FOLLOWER_MON_KRICKETUNE
867	FOLLOWER_MON_SHINX
868	FOLLOWER_MON_LUXIO
869	FOLLOWER_MON_LUXRAY
870	FOLLOWER_MON_BUDEW
871	FOLLOWER_MON_ROSERADE
872	FOLLOWER_MON_CRANIDOS
873	FOLLOWER_MON_RAMPARDOS
874	FOLLOWER_MON_SHIELDON
875	FOLLOWER_MON_BASTIODON
876	FOLLOWER_MON_BURMY
877	FOLLOWER_MON_BURMY_SANDY
878	FOLLOWER_MON_BURMY_TRASH
879	FOLLOWER_MON_WORMADAM
880	FOLLOWER_MON_WORMADAM_SANDY
881	FOLLOWER_MON_WORMADAM_TRASH
882	FOLLOWER_MON_MOTHIM
883	FOLLOWER_MON_COMBEE
884	FOLLOWER_MON_COMBEE_F
885	FOLLOWER_MON_VESPIQUEN
886	FOLLOWER_MON_PACHIRISU
887	FOLLOWER_MON_BUIZEL
888	FOLLOWER_MON_FLOATZEL
889	FOLLOWER_MON_CHERUBI
890	FOLLOWER_MON_CHERRIM
891	FOLLOWER_MON_SHELLOS_WEST
892	FOLLOWER_MON_SHELLOS_EAST
893	FOLLOWER_MON_GASTRODON_WEST
894	FOLLOWER_MON_GASTRODON_EAST
895	FOLLOWER_MON_AMBIPOM
896	FOLLOWER_MON_DRIFLOON
897	FOLLOWER_MON_DRIFBLIM
898	FOLLOWER_MON_BUNEARY
899	FOLLOWER_MON_LOPUNNY
900	FOLLOWER_MON_MISMAGIUS
901	FOLLOWER_MON_HONCHKROW
902	FOLLOWER_MON_GLAMEOW
903	FOLLOWER_MON_PURUGLY
904	FOLLOWER_MON_CHINGLING
905	FOLLOWER_MON_STUNKY
906	FOLLOWER_MON_SKUNTANK
907	FOLLOWER_MON_BRONZOR
908	FOLLOWER_MON_BRONZONG
909	FOLLOWER_MON_BONSLY
910	FOLLOWER_MON_MIME_JR
911	FOLLOWER_MON_HAPPINY
912	FOLLOWER_MON_CHATOT
913	FOLLOWER_MON_SPIRITOMB
914	FOLLOWER_MON_GIBLE
915	FOLLOWER_MON_GIBLE_F
916	FOLLOWER_MON_GABITE
917	FOLLOWER_MON_GABITE_F
918	FOLLOWER_MON_GARCHOMP
919	FOLLOWER_MON_GARCHOMP_F
920	FOLLOWER_MON_MUNCHLAX
921	FOLLOWER_MON_RIOLU
922	FOLLOWER_MON_LUCARIO
923	FOLLOWER_MON_HIPPOPOTAS
924	FOLLOWER_MON_HIPPOPOTAS_F
925	FOLLOWER_MON_HIPPOWDON
926	FOLLOWER_MON_HIPPOWDON_F
927	FOLLOWER_MON_SKORUPI
928	FOLLOWER_MON_DRAPION
929	FOLLOWER_MON_CROAGUNK
930	FOLLOWER_MON_TOXICROAK
931	FOLLOWER_MON_CARNIVINE
932	FOLLOWER_MON_FINNEON
933	FOLLOWER_MON_LUMINEON
934	FOLLOWER_MON_MANTYKE
935	FOLLOWER_MON_SNOVER
936	FOLLOWER_MON_ABOMASNOW
937	FOLLOWER_MON_WEAVILE
938	FOLLOWER_MON_MAGNEZONE
939	FOLLOWER_MON_LICKILICKY
940	FOLLOWER_MON_RHYPERIOR
941	FOLLOWER_MON_TANGROWTH
942	FOLLOWER_MON_ELECTIVIRE
943	FOLLOWER_MON_MAGMORTAR
944	FOLLOWER_MON_TOGEKISS
945	FOLLOWER_MON_YANMEGA
946	FOLLOWER_MON_LEAFEON
947	FOLLOWER_MON_GLACEON
948	FOLLOWER_MON_GLISCOR
949	FOLLOWER_MON_MAMOSWINE
950	FOLLOWER_MON_PORYGON_Z
951	FOLLOWER_MON_GALLADE
952	FOLLOWER_MON_PROBOPASS
953	FOLLOWER_MON_DUSKNOIR
954	FOLLOWER_MON_FROSLASS
955	FOLLOWER_MON_ROTOM
956	FOLLOWER_MON_ROTOM_HEAT
957	FOLLOWER_MON_ROTOM_WASH
958	FOLLOWER_MON_ROTOM_FROST
959	FOLLOWER_MON_ROTOM_FAN
960	FOLLOWER_MON_ROTOM_MOW
961	FOLLOWER_MON_UXIE
962	FOLLOWER_MON_MESPRIT
963	FOLLOWER_MON_AZELF
964	FOLLOWER_MON_DIALGA
965	FOLLOWER_MON_PALKIA
966	FOLLOWER_MON_HEATRAN
967	FOLLOWER_MON_REGIGIGAS
968	FOLLOWER_MON_GIRATINA
969	FOLLOWER_MON_GIRATINA_ORIGIN
970	FOLLOWER_MON_CRESSELIA
971	FOLLOWER_MON_PHIONE
972	FOLLOWER_MON_MANAPHY
973	FOLLOWER_MON_DARKRAI
974	FOLLOWER_MON_SHAYMIN
975	FOLLOWER_MON_SHAYMIN_SKY
976	FOLLOWER_MON_ARCEUS_NORMAL
977	FOLLOWER_MON_ARCEUS_FIGHTING
978	FOLLOWER_MON_ARCEUS_FLYING
979	FOLLOWER_MON_ARCEUS_POISON
980	FOLLOWER_MON_ARCEUS_GROUND
981	FOLLOWER_MON_ARCEUS_ROCK
982	FOLLOWER_MON_ARCEUS_BUG
983	FOLLOWER_MON_ARCEUS_GHOST
984	FOLLOWER_MON_ARCEUS_STEEL
985	FOLLOWER_MON_ARCEUS_MYSTERY
986	FOLLOWER_MON_ARCEUS_FIRE
987	FOLLOWER_MON_ARCEUS_WATER
988	FOLLOWER_MON_ARCEUS_GRASS
989	FOLLOWER_MON_ARCEUS_ELECTRIC
990	FOLLOWER_MON_ARCEUS_PSYCHIC
991	FOLLOWER_MON_ARCEUS_ICE
992	FOLLOWER_MON_ARCEUS_DRAGON
993	FOLLOWER_MON_ARCEUS_DARK
994	FOLLOWER_MON_STATIC_BUTTERFREE
995	FOLLOWER_MON_STATIC_PIDGEY
996	FOLLOWER_MON_STATIC_RATTATA
997	FOLLOWER_MON_STATIC_SPEAROW
998	FOLLOWER_MON_STATIC_FEAROW
999	FOLLOWER_MON_STATIC_PIKACHU
1000	FOLLOWER_MON_STATIC_NIDORAN_F
1001	FOLLOWER_MON_STATIC_NIDORAN_M
1002	FOLLOWER_MON_STATIC_NIDORINO
1003	FOLLOWER_MON_STATIC_CLEFAIRY
1004	FOLLOWER_MON_STATIC_JIGGLYPUFF
1005	FOLLOWER_MON_STATIC_ZUBAT
1006	FOLLOWER_MON_STATIC_ODDISH
1007	FOLLOWER_MON_STATIC_DIGLETT
1008	FOLLOWER_MON_STATIC_MEOWTH
1009	FOLLOWER_MON_STATIC_PERSIAN
1010	FOLLOWER_MON_STATIC_PSYDUCK
1011	FOLLOWER_MON_STATIC_POLIWRATH
1012	FOLLOWER_MON_STATIC_ABRA
1013	FOLLOWER_MON_STATIC_MACHOP
1014	FOLLOWER_MON_STATIC_MACHOKE
1015	FOLLOWER_MON_STATIC_SLOWPOKE
1016	FOLLOWER_MON_STATIC_SLOWBRO
1017	FOLLOWER_MON_STATIC_FARFETCHD
1018	FOLLOWER_MON_STATIC_DODRIO
1019	FOLLOWER_MON_STATIC_ELECTRODE
1020	FOLLOWER_MON_STATIC_RHYDON
1021	FOLLOWER_MON_STATIC_CHANSEY
1022	FOLLOWER_MON_STATIC_KANGASKHAN
1023	FOLLOWER_MON_STATIC_LAPRAS
1024	FOLLOWER_MON_STATIC_ARTICUNO
1025	FOLLOWER_MON_STATIC_ZAPDOS
1026	FOLLOWER_MON_STATIC_MOLTRES
1027	FOLLOWER_MON_STATIC_DRATINI
1028	FOLLOWER_MON_STATIC_DRAGONITE
1029	FOLLOWER_MON_STATIC_MEWTWO
1030	FOLLOWER_MON_STATIC_BAYLEEF
1031	FOLLOWER_MON_STATIC_AMPHAROS
1032	FOLLOWER_MON_STATIC_MARILL
1033	FOLLOWER_MON_STATIC_AIPOM
1034	FOLLOWER_MON_STATIC_MURKROW
1035	FOLLOWER_MON_STATIC_MILTANK
1036	FOLLOWER_MON_STATIC_BLISSEY
1037	FOLLOWER_MON_STATIC_RAIKOU
1038	FOLLOWER_MON_STATIC_ENTEI
1039	FOLLOWER_MON_STATIC_SUICUNE
1040	FOLLOWER_MON_STATIC_CELEBI
1041	FOLLOWER_MON_STATIC_LATIAS
1042	FOLLOWER_MON_STATIC_LATIOS
1043	FOLLOWER_MON_STATIC_KYOGRE
1044	FOLLOWER_MON_STATIC_GROUDON
1045	FOLLOWER_MON_STATIC_RAYQUAZA
1046	FOLLOWER_MON_STATIC_PICHU_SPIKY
1047	FOLLOWER_MON_STATIC_MEGANIUM
1048	FOLLOWER_MON_STATIC_TYPHLOSION
1049	FOLLOWER_MON_STATIC_FERALIGATR
8192	CAMERA_FOCUS
